{
  "mdot_kgs": 0.649,
  "dT_C": 87.7,
  "riser_wall_C": 155.0,
  "plate_C": 386.0,
  "rad_fraction": 0.83,
  "accident_peak_plate_C": 398.0,
  "accident_bounded": true,
  "weather_flow_change_note": "Flow strengthens with cold ambient and with wind: at fixed 82 kWe load, mdot goes from 0.65 kg/s (+2 C, calm) to 0.74 kg/s at -18 C (+14%) and 0.56 kg/s at +24 C (-14%); an 11 m/s wind adds stack-tip suction (Cp~0.4) giving 0.76 kg/s (+17%). Riser dT varies inversely (Q fixed); plate temperature moves only ~+/-10 K because radiation dominates. Colder/windier weather always improves passive heat removal; the penalty direction is hot, still summer days.",
  "detail": {
    "baseline": {
      "Q_air_kW": 57.39999999999999,
      "mdot_kgs": 0.6492639886826344,
      "dT_C": 87.66438264108461,
      "T_out_C": 107.66438264108461,
      "plate_mid_C": 385.72524593623746,
      "plate_avg_C": 385.70122567416684,
      "T_gas_cavity_C": 179.8333263742956,
      "riser_wall_front_mid_C": 155.39281518165086,
      "riser_wall_side_mid_C": 120.86424778815467,
      "rad_fraction": 0.8347921461123358,
      "Re_riser": 18745.151098179,
      "fluxes_mid_Wm2": {
        "front_rad": 4844.727105131826,
        "front_conv": 99.51062806875125,
        "side_rad": 308.9189809762646,
        "side_conv": 168.0306081642227,
        "rear_rad": 475.69136360062373,
        "rear_conv": 296.6110006984218
      }
    },
    "sensitivity_floss": {
      "0.15": {
        "Q_kW": 69.7,
        "mdot": 0.6726023525011746,
        "dT": 102.72519266203858,
        "plate_C": 422.10224781920886,
        "wall_C": 179.6883079233811,
        "rad_fraction": 0.8550168810124812
      },
      "0.22": {
        "Q_kW": 63.96,
        "mdot": 0.6624180426198243,
        "dT": 95.72806660456666,
        "plate_C": 405.7161485777457,
        "wall_C": 168.43753220688285,
        "rad_fraction": 0.8461949481510327
      },
      "0.3": {
        "Q_kW": 57.39999999999999,
        "mdot": 0.6492639886826344,
        "dT": 87.66438264108461,
        "plate_C": 385.72524593623746,
        "wall_C": 155.39281518165086,
        "rad_fraction": 0.8347921461123358
      },
      "0.35": {
        "Q_kW": 53.3,
        "mdot": 0.6400905648572865,
        "dT": 82.57760732771317,
        "plate_C": 372.43571356613427,
        "wall_C": 147.1232310335527,
        "rad_fraction": 0.8268231057210003
      }
    },
    "accident": {
      "table": [
        {
          "t_h": 0,
          "P_e_kW": 41.987793599460005,
          "Q_kW": 29.391455519622003,
          "mdot": 0.5648426240174895,
          "dT": 51.63416483016755,
          "plate_C": 276.9030965124024,
          "wall_C": 96.68971490375662
        },
        {
          "t_h": 6,
          "P_e_kW": 46.05596569544508,
          "Q_kW": 32.23917598681155,
          "mdot": 0.5764778843140494,
          "dT": 55.489594004040555,
          "plate_C": 290.48325027714566,
          "wall_C": 102.94334100605761
        },
        {
          "t_h": 12,
          "P_e_kW": 51.75971063932832,
          "Q_kW": 36.231797447529814,
          "mdot": 0.591270295241767,
          "dT": 60.79506270624029,
          "plate_C": 308.253172874567,
          "wall_C": 111.56750106569444
        },
        {
          "t_h": 24,
          "P_e_kW": 63.51615317632657,
          "Q_kW": 44.46130722342859,
          "mdot": 0.6172783568984876,
          "dT": 71.44531731727534,
          "plate_C": 341.25315694135645,
          "wall_C": 128.9604967100472
        },
        {
          "t_h": 36,
          "P_e_kW": 73.31053200913911,
          "Q_kW": 51.31737240639737,
          "mdot": 0.6353577521822373,
          "dT": 80.10211014151685,
          "plate_C": 365.7539696056939,
          "wall_C": 143.08499628627823
        },
        {
          "t_h": 48,
          "P_e_kW": 80.73982557473079,
          "Q_kW": 56.51787790231155,
          "mdot": 0.6473565972465136,
          "dT": 86.57336306277517,
          "plate_C": 382.92110552181464,
          "wall_C": 153.62175738169424
        },
        {
          "t_h": 60,
          "P_e_kW": 85.76023037217081,
          "Q_kW": 60.03216126051957,
          "mdot": 0.6547531066838717,
          "dT": 90.90986130518519,
          "plate_C": 393.9233607786583,
          "wall_C": 160.6528236532671
        },
        {
          "t_h": 72,
          "P_e_kW": 87.68048198619005,
          "Q_kW": 61.37633739033303,
          "mdot": 0.6574445480592099,
          "dT": 92.56187892308049,
          "plate_C": 398.01585653323957,
          "wall_C": 163.3247053448697
        },
        {
          "t_h": 80,
          "P_e_kW": 86.0957083023492,
          "Q_kW": 60.26699581164444,
          "mdot": 0.6552286163913645,
          "dT": 91.19872714077314,
          "plate_C": 394.6427063511045,
          "wall_C": 161.11994253928685
        },
        {
          "t_h": 84.85,
          "P_e_kW": 83.1977757568031,
          "Q_kW": 58.23844302976216,
          "mdot": 0.651044841217219,
          "dT": 88.69977485261757,
          "plate_C": 388.3641761660434,
          "wall_C": 157.07357661445786
        },
        {
          "t_h": 90,
          "P_e_kW": 77.57083020793432,
          "Q_kW": 54.29958114555402,
          "mdot": 0.6424010294456586,
          "dT": 83.82161514753545,
          "plate_C": 375.73654525401287,
          "wall_C": 149.14730517747466
        },
        {
          "t_h": 96,
          "P_e_kW": 65.88571980719564,
          "Q_kW": 46.12000386503695,
          "mdot": 0.6219161471802013,
          "dT": 73.55494720265227,
          "plate_C": 347.40053806023195,
          "wall_C": 132.40506507392723
        },
        {
          "t_h": 108,
          "P_e_kW": 10.939080712117994,
          "Q_kW": 7.657356498482594,
          "mdot": 0.41714860607565973,
          "dT": 18.227188387545368,
          "plate_C": 128.98429398624626,
          "wall_C": 44.67443997539482
        }
      ],
      "peak_plate_C": 398.01585653323957,
      "peak_t_h": 72,
      "peak_mdot": 0.6574445480592099,
      "bounded": true,
      "limit_C": 538.0,
      "plate_tau_h": 0.646144420785006
    },
    "weather": [
      {
        "T_amb": -18.0,
        "wind": 0.0,
        "mdot": 0.7415971192947397,
        "dT": 76.76628584547962,
        "plate_C": 382.0055116062948
      },
      {
        "T_amb": -18.0,
        "wind": 5.0,
        "mdot": 0.7660789240958374,
        "dT": 74.31666120267857,
        "plate_C": 381.17119830792683
      },
      {
        "T_amb": -18.0,
        "wind": 11.0,
        "mdot": 0.8580159218291359,
        "dT": 66.36406584035927,
        "plate_C": 378.4469035050316
      },
      {
        "T_amb": -10.0,
        "wind": 0.0,
        "mdot": 0.7032464335657926,
        "dT": 80.94591745450145,
        "plate_C": 383.42885152066617
      },
      {
        "T_amb": -10.0,
        "wind": 5.0,
        "mdot": 0.7272760277997652,
        "dT": 78.2755744898202,
        "plate_C": 382.5195309274044
      },
      {
        "T_amb": -10.0,
        "wind": 11.0,
        "mdot": 0.8177878999513073,
        "dT": 69.62408818132548,
        "plate_C": 379.57016039387884
      },
      {
        "T_amb": 0.0,
        "wind": 0.0,
        "mdot": 0.6579720581613715,
        "dT": 86.50616147216061,
        "plate_C": 385.33112590572784
      },
      {
        "T_amb": 0.0,
        "wind": 5.0,
        "mdot": 0.6813853275095683,
        "dT": 83.53862663071567,
        "plate_C": 384.3203484715294
      },
      {
        "T_amb": 0.0,
        "wind": 11.0,
        "mdot": 0.7699637555660801,
        "dT": 73.94224863376411,
        "plate_C": 381.0435973388136
      },
      {
        "T_amb": 2.0,
        "wind": 0.0,
        "mdot": 0.6492639886826344,
        "dT": 87.66438264108461,
        "plate_C": 385.72524593623746
      },
      {
        "T_amb": 2.0,
        "wind": 5.0,
        "mdot": 0.6725469556849095,
        "dT": 84.63461773426252,