{
  "xe_nominal_assumptions": {
    "phi_9MW_n_cm2_s": 30000000000000.0,
    "sigma_aX_barn": 2000000.0,
    "omega_full_per_s": 5.9999999999999995e-05,
    "gamma_I": 0.0629,
    "gamma_X": 0.00237,
    "nu": 2.43,
    "thalf_I_h": 6.57,
    "thalf_X_h": 9.14
  },
  "rho_Xe_eq_pcm": -1988.022184231876,
  "xe_peak_pcm": -1267.1871820236047,
  "xe_peak_h": 7.7773517808523644,
  "deepest_overcool_K": 177.56702720679152,
  "nominal_with_xe": {
    "trec_h": 12.83260856068225,
    "Pstab_kW": 483.2203727059857,
    "Tc_peak_C": 820.6487519558743,
    "Tv_peak_C": 373.0862391379859
  },
  "nominal_no_xe": {
    "trec_h": 1.2821601990773446,
    "Pstab_kW": 285.2775322164629
  },
  "orig_reported_trec_h": 1.0,
  "sens": {
    "n_recrit": 367,
    "n_total": 400,
    "trec_h": [
      1.78824959183029,
      12.500019944359218,
      21.082000934485798,
      0.6634340797430438,
      27.522181196112864
    ],
    "Pstab_kW": [
      617.9872936735285,
      933.7447988334085,
      1219.5138238652555
    ],
    "Tcpeak_C": [
      713.4732348262239,
      771.4367781915461,
      829.0297210807704,
      869.3172709670839
    ],
    "rho_Xe_eq_pcm": [
      -2257.305252719049,
      -2007.8083095912752,
      -1668.6395406903493
    ],
    "xe_peak_pcm": [
      -3012.5487187123135,
      -1355.1093228169266,
      -524.9860174039259
    ]
  }
}