{
  "k_T": {
    "294.0": [
      1.082901527589635,
      0.0006801822635643854
    ],
    "600.0": [
      1.0548561074896363,
      0.0006810107434002973
    ],
    "900.0": [
      1.0356736830164883,
      0.000661761396284128
    ],
    "1200.0": [
      1.0169039270731928,
      0.0006204496662378955
    ]
  },
  "alpha_T": {
    "400.0": [
      -9.014696434596537,
      0.3815959561439863
    ],
    "600.0": [
      -7.148668762187011,
      0.18582593580859588
    ],
    "800.0": [
      -5.759785527015658,
      0.35146345997885
    ],
    "1000.0": [
      -6.029708238433711,
      0.21784698157831953
    ],
    "1200.0": [
      -6.309062856438925,
      0.6210853348710502
    ]
  },
  "k_T_nobp": {
    "294.0": [
      1.4962835046060954,
      0.00086301790768057
    ],
    "900.0": [
      1.4271422742587172,
      0.0008222310479889231
    ],
    "1200.0": [
      1.402091789743942,
      0.0008333108783014799
    ]
  },
  "alpha_T_nobp": {
    "400.0": [
      -8.6000513719438,
      0.2616658282638452
    ],
    "600.0": [
      -7.813026149545797,
      0.1330506720055634
    ],
    "800.0": [
      -6.986206022239483,
      0.10579601240722837
    ],
    "1000.0": [
      -6.122675015158751,
      0.2355072179742323
    ],
    "1100.0": [
      -5.678275394740329,
      0.3134595367726793
    ]
  },
  "alpha_bracket_pcmK": [
    -7.040046790725631,
    -6.852384363734369
  ],
  "alpha_avg_on_pcmK": -6.852384363734369,
  "alpha_avg_off_pcmK": -7.040046790725631,
  "beta_eff": 0.007275833337089255,
  "beta_eff_sigma": 0.0009305090982141297,
  "nominal": {
    "Pmin_kW": 0.008303877815365068,
    "tmin_min": 29.422355588897222,
    "Tc_peak_C": 583.0233455868636,
    "tpeak_h": 0.09212730318257957,
    "trec_h": 1.0499574288197815,
    "Pstab_kW": 286.7139268657888,
    "Tv_peak_C": 280.45803348508684,
    "Tv_end_C": 280.0001636290872
  },
  "sens": {
    "trec_h": [
      0.31610300065282854,
      0.44244590797293637,
      0.7662340063706182,
      0.24330495671042374,
      1.0918547944552253
    ],
    "Pstab_kW": [
      312.27434413208977,
      574.8253950663096,
      825.904285837515
    ],
    "Tcpeak_C": [
      521.127137433416,
      572.1087635620896,
      633.4235554051303,
      650.863578055049
    ],
    "Tvpeak_C": [
      335.5552756055237,
      605.178883791621
    ]
  }
}