{
  "case": "Case 1 - baseline steady state",
  "inputs": {
    "Q_electric_W": 82000.0,
    "T_ambient_C": 2.0,
    "T_inlet_C": 20.0,
    "wind_m_s": 0.5
  },
  "mass_flow_kg_s": 0.550332851787942,
  "mass_flow_kg_min": 33.01997110727652,
  "T_air_inlet_C": 20.0,
  "T_air_outlet_C": 138.90932393783146,
  "riser_deltaT_C": 118.90932393783146,
  "T_out_chimney_C": 124.42794357998565,
  "at_z3500mm": {
    "T_plate_front_C": 582.6742021728959,
    "T_riser_hotface_front_C": 329.88819171045395,
    "T_riser_side_C": 145.34299374191943,
    "T_riser_rear_C": 133.42572036505754
  },
  "plate_temp_range_C": [
    564.4377620363178,
    603.7450682362928
  ],
  "riser_hotface_temp_range_C": [
    275.4002575476293,
    382.6367122828726
  ],
  "heat_split": {
    "Q_radiative_kW": 64.64235732502195,
    "Q_convective_cavity_kW": 1.9018979378520022,
    "radiative_fraction": 0.971419051421662
  },
  "parasitic_loss": {
    "fraction_of_electric_power": 0.1885226630602496,
    "Q_duraboard_backside_kW": 12.319086472586804,
    "Q_superisol_sidewalls_kW": 3.139771898353663,
    "Q_net_to_cavity_kW": 66.54114162905954
  },
  "momentum_balance_Pa": {
    "buoyancy": 69.77966442304442,
    "wind_assist": 0.06414451834367048,
    "friction_total": 69.8438088397601,
    "friction_breakdown": {
      "downcomer": 2.462830841299465,
      "inlet_plenum": 2.214539248373556,
      "risers": 45.277764371450814,
      "outlet_plenum": 18.11057286187573,
      "chimney": 1.7781015167605276
    }
  },
  "Reynolds_number_range": [
    13801.124498923356,
    17704.766539776094
  ]
}