{
 "F": [
  [
   0.0,
   0.2767230492368488,
   0.24345147036198636,
   0.0,
   0.4798254804011649
  ],
  [
   0.6004151224058778,
   0.0,
   0.0,
   0.0,
   0.39958487759412215
  ],
  [
   0.052720856489488516,
   0.0,
   0.7301925456617906,
   0.0,
   0.21708659784872097
  ],
  [
   0.0,
   0.0,
   0.0,
   0.0,
   1.0
  ],
  [
   0.18987499400443894,
   0.07287645231834104,
   0.39668650255859883,
   0.1820404010056831,
   0.158521650112938
  ]
 ],
 "areas": [
  1.3208,
  0.6095999999999999,
  6.096,
  0.6095999999999999,
  3.3419999999999996
 ],
 "groups": [
  "plate",
  "front",
  "side",
  "rear",
  "adiabatic"
 ],
 "n_rays": 400000
}