time_h,electric_power_kw
0,41.987794
12,51.759711
24,63.516175
36,73.311818
48,80.762658
60,85.972870
72,88.997093
84.85,90.000000
