case,time_h,thermal_duty_kw
baseline,0,56.070000
accident,0,26.158395
accident,12,32.246300
accident,24,39.570577
accident,36,45.673262
accident,48,50.315136
accident,60,53.561098
accident,72,55.445189
accident,84.85,56.070000
