{
  "case1": {
    "label": "Case1 baseline",
    "mdot": 0.5700674340013174,
    "mdot_kgmin": 34.20404604007905,
    "Tin_C": 20,
    "Tout_C": 117.39577958966379,
    "dT": 97.39577958966379,
    "dP_drive": 63.656003952935336,
    "dP_loss": 63.65600395279114,
    "Tamb_C": 2,
    "Q": 56000.0,
    "V_r": 4.562572259079971,
    "Re_r": 16224.184742972895,
    "f_r": 0.027607600279537948,
    "V_c": 1.0874545786456902,
    "Re_c": 26451.337719086376,
    "V_d": 1.6220986813268838,
    "dP_r_fric": 31.497060196337333,
    "dP_r_form": 16.12155511803953,
    "dP_c": 2.039576078069469,
    "dP_d": 3.250109148318441,
    "dP_plena": 10.747703412026354,
    "Tp_C": 371.7381665333237,
    "Tr_mean_C": 135.52347835663625,
    "Tair_mean_C": 68.6978897948319,
    "h_int": 18.24106394688446,
    "Nu_int": 43.75781019656308,
    "Re_int": 16224.184742972895,
    "V_int": 4.562572259079971,
    "corr": "Gnielinski",
    "h_cav": 1.989758050357002,
    "Ra_cav": 616637330.9434377,
    "Qrad": 51215.29741194451,
    "Qconv_cav": 4784.702588055512,
    "frac_rad": 0.914558882356152,
    "Tr": 408.6734783566362,
    "Tp": 644.8881665333237,
    "Tfront_C": 181.02709884588074,
    "Trear_C": 109.85577314969413,
    "Tside_C": 128.0599139975422,
    "Twall_mean_C": 130.92786512758147,
    "Tair_local_C": 68.6978897948319,
    "q_front": 8875.26770772918
  },
  "case1_hiQ": {
    "label": "Case1 hi-Q (70kW to air)",
    "mdot": 0.5936593834593327,
    "mdot_kgmin": 35.61956300755996,
    "Tin_C": 20,
    "Tout_C": 136.8224596823095,
    "dT": 116.8224596823095,
    "dP_drive": 70.76159482071876,
    "dP_loss": 70.76159112807346,
    "Tamb_C": 2,
    "Q": 70000.0,
    "V_r": 4.886399062340409,
    "Re_r": 16540.644176725105,
    "f_r": 0.027468122730824315,
    "V_c": 1.1887895135237472,
    "Re_c": 26577.417561627728,
    "V_d": 1.6892284063791811,
    "dP_r_fric": 34.95108180154798,
    "dP_r_form": 17.980311591757488,
    "dP_c": 2.3209684501998358,
    "dP_d": 3.522354890063164,
    "dP_plena": 11.986874394504992,
    "Tp_C": 410.74937430251543,
    "Tr_mean_C": 158.86643977671088,
    "Tair_mean_C": 78.41122984115475,
    "h_int": 18.938640443863846,
    "Nu_int": 44.39345435143264,
    "Re_int": 16540.644176725105,
    "V_int": 4.886399062340409,
    "corr": "Gnielinski",
    "h_cav": 1.9748043882967372,
    "Ra_cav": 511583482.72558945,
    "Qrad": 64936.269241214846,
    "Qconv_cav": 5063.7307587851365,
    "frac_rad": 0.9276609891602121,
    "Tr": 432.01643977671085,
    "Tp": 683.8993743025154,
    "Tfront_C": 216.14913769353666,
    "Trear_C": 127.13090637665942,
    "Tside_C": 149.70763496367164,
    "Twall_mean_C": 153.32647883045934,
    "Tair_local_C": 78.41122984115475,
    "q_front": 11232.559160908666
  },
  "normal_duty": {
    "label": "Normal-op duty 26 kW",
    "mdot": 0.4901147264816261,
    "mdot_kgmin": 29.406883588897564,
    "Tin_C": 20,
    "Tout_C": 72.99146509331894,
    "dT": 52.991465093318936,
    "dP_drive": 44.6735998984744,
    "dP_loss": 44.673599795771764,
    "Tamb_C": 2,
    "Q": 26160.0,
    "V_r": 3.667898278828371,
    "Re_r": 14683.967744177411,
    "f_r": 0.02834498462549226,
    "V_c": 0.8286370064673543,
    "Re_c": 24894.151816492093,
    "V_d": 1.394597207464573,
    "dP_r_fric": 22.350983360618123,
    "dP_r_form": 11.14258561679477,
    "dP_c": 1.3431560295889757,
    "dP_d": 2.408484377573377,
    "dP_plena": 7.4283904111965136,
    "Tp_C": 258.5910662020558,
    "Tr_mean_C": 82.11853599068587,
    "Tair_mean_C": 46.4957325466595,
    "h_int": 15.985071248939432,
    "Nu_int": 40.546783390182945,
    "Re_int": 14683.967744177411,
    "V_int": 3.667898278828371,
    "corr": "Gnielinski",
    "h_cav": 1.9809149496836673,
    "Ra_cav": 984692728.3595827,
    "Qrad": 22601.305393763178,
    "Qconv_cav": 3558.69460623681,
    "frac_rad": 0.8639642734618952,
    "Tr": 355.26853599068585,
    "Tp": 531.7410662020558,
    "Tfront_C": 102.62612299378844,
    "Trear_C": 69.74870293628868,
    "Tside_C": 78.39503196107614,
    "Twall_mean_C": 79.68077482672624,
    "Tair_local_C": 46.4957325466595,
    "q_front": 3946.182390088752
  },
  "case2": {
    "t_peak_h": 87.34376820840475,
    "Tp_peak_C": 371.9010904393918,
    "Q_peak_W": 56069.9999193267,
    "Tp_peak_steady_C": 371.7381665333237,
    "Ctot": 3000000.0,
    "tau_h": 2.042483660130719,
    "mdot_peak": 0.5702009207710638,
    "Tfront_peak_C": 181.20455893878767,
    "Tout_peak_C": 117.49435791655213
  },
  "weather_T": {
    "Tout": [
      -18.0,
      -15.0,
      -12.0,
      -9.0,
      -6.0,
      -3.0,
      0.0,
      3.0,
      6.0,
      9.0,
      12.0,
      15.0,
      18.0,
      21.0,
      24.0
    ],
    "mdot": [
      0.6442023976429597,
      0.6325252782426072,
      0.6210489586184619,
      0.6097705865128503,
      0.5986874307097149,
      0.5877968922333421,
      0.5770965203727463,
      0.5665839894419602,
      0.5562570908598871,
      0.546113713758596,
      0.5361517781410288,
      0.5263694347482535,
      0.5167647480303741,
      0.5073358869557671,
      0.4980810703366992
    ],
    "dT": [
      86.2201003961805,
      87.80723421443616,
      89.42501028987965,
      91.07398203156475,
      92.75469530705061,
      94.46768386999776,
      96.21346326596966,
      97.99253052620935,
      99.80536154711717,
      101.65241048882967,
      103.53411867925479,
      105.45087278745507,
      107.40306092455353,
      109.39103340736523,
      111.41510933946364
    ],
    "Tp": [
      368.2885030026837,
      368.7718984940923,
      369.266801021613,
      369.7735349662355,
      370.29243058601514,
      370.82382285983886,
      371.3680498180447,
      371.9254526343242,
      372.4963749807637,
      373.0811629934765,
      373.6801682599969,
      374.2937346108307,
      374.9222160621407,
      375.5659644033019,
      376.2253313021607
    ]
  },
  "weather_wind": {
    "wind": [
      0.0,
      1.0,
      2.0,
      3.0,
      4.0,
      5.0,
      6.0,
      7.0,
      8.0,
      9.0,
      10.0,
      11.0
    ],
    "mdot": [
      0.5700674340013174,
      0.5675655545209572,
      0.5600458517006096,
      0.5474683972184391,
      0.5297749558337724,
      0.5069050007772692,
      0.4788247768299668,
      0.44557916465690983,
      0.40737644525728806,
      0.36471516463596115,
      0.318539429754717,
      0.2703551886539504
    ],
    "Tp": [
      371.7381665333237,
      371.8724149663269,
      372.28413046788376,
      373.0016304202379,
      374.0771812552223,
      375.59604486830904,
      377.69268813591054,
      380.57927904143014,
      384.5966468681074,
      390.30784636687383,
      398.67717059426514,
      411.43434760756134
    ]
  },
  "cfd_crosscheck": {
    "tool": "OpenFOAM v2312 buoyantSimpleFoam + fvDOM radiation, 2D vertical cavity slice (Docker)",
    "prescribed": "plate electric heat flux q=5501 W/m2 (=56kW/10.18m2); riser convective sink h_eff=82.3 W/m2K, Ta=341.85K",
    "solved_outputs": {
      "plate_T_midplane_C": 333,
      "plate_T_areamean_C": 335,
      "riser_wall_T_midplane_C": 124,
      "riser_wall_T_areamean_C": 122,
      "radiative_flux_plate_Wm2": 4912,
      "radiative_fraction": 0.89
    },
    "reduced_compare": {
      "plate_C": 372,
      "riser_mean_C": 131,
      "riser_front_C": 181,
      "rad_frac": 0.915
    },
    "energy_imbalance_note": "~20% leaks to 2D adiabatic radiating ends / residuals; wall T robust"
  }
}